Workbook

Sheet Instructions
A1: SE Lab Assignment 1 Team Workbook
A2: Smart Ticketing System (TVM) | Sem 1_2627 | One workbook per group, kept in your shared folder and in your GitHub repository
A4: Purpose
A5: This workbook is your group's working record for Lab Group Assignment 1. It contains the Clarification Q&A and the requirements (two deliverables you hand in as Excel or Word), plus trackers that show your process: who built what, the diagrams and their status, your Copilot prompts, your commits and your weekly progress. The lecturer reads it during the labs and replies in the green cells. Student self-marking and lecturer marking are on the Marking sheet. It supports, and does not replace, your official submission (the .docx report, readme.txt and the % contribution).
A7: How to use it
A8: 1. Fill in the Team sheet first (3 to 5 students, % contribution totalling 100%).
A9: 2. Do the Clarification Q&A before you write the requirements. Every assumed answer should lead to a requirement ID.
A10: 3. Update the Artifact Tracker, Commit Log, AI Prompt Log and Progress Log every lab week. These show the process mark evidence.
A11: 4. Before submission, use the Consistency Check sheet, then self-mark on the Marking sheet. The lecturer marks in the green column.
A13: Colour legend
A14: Student input | B14: Yellow fill, blue text
A15: Lecturer input | B15: Green fill, blue text
A16: Calculated / fixed | B16: Black text, no fill
A18: Sheets in this workbook
A19: Sheet | B19: What it is for | C19: Report section it feeds | D19: When to fill in
A20: Team | B20: Members, roles, % contribution, commit counts | C20: 1.3, 7 | D20: Week 1
A21: Clarification Q&A | B21: Ambiguities, questions and assumed answers (Task 1, 5%) | C21: 2.1 | D21: Before requirements
A22: Requirements | B22: Functional, non-functional and domain requirements with measurable metrics (Task 2, 15%) | C22: 2.2 | D22: Phase 1
A23: Use Cases | B23: Use case register and description status (Task 3) | C23: 3.1 | D23: Phase 2
A24: Artifact Tracker | B24: Every deliverable: owner, tool, link, status, % done | C24: All | D24: Throughout
A25: Consistency Check | B25: Alignment of the diagrams and the code | C25: 3.4 | D25: Before submitting
A26: AI Prompt Log | B26: Copilot prompts, how the AI helped, how you validated (Task 9) | C26: 5.2.2 | D26: Throughout
A27: Commit Log | B27: Commits and pull requests per member per week | C27: 5.2.1 | D27: Weekly
A28: Progress Log | B28: Weekly plan, actual work, evidence and lecturer feedback | C28: Process mark | D28: Weekly
A29: Marking | B29: Self-mark and lecturer mark for the 10 tasks (100%) | C29: – | D29: End
A30: Summary | B30: Group result, QT2 points and individual marks | C30: – | D30: End

Sheet Team
A1: Team and Contribution
A2: Group of 3 to 5 students. The % contribution of each member must total 100% and match your readme.txt.
A4: Group name | B4: 14
A5: GitHub repo | B5: https://github.com/seuquay56/SmartTicketingSystem_TVM
A6: Group size | B6: 3
A7: Size check | B7: =IF(AND(B6>=3,B6<=5),"OK","Group must have 3 to 5 students")
A9: Members
A10: Member | B10: Name | C10: Student ID | D10: Role / main responsibility | E10: % contribution | F10: Commits (from Commit Log) | G10: Check
A11: Member 1 | B11: On Gia Khiem | C11: 524H0057 | D11: Requirements analysis | E11: 0.3 | F11: =IF(C11="","",SUMIF('Commit Log'!$C$5:$C$64,C11,'Commit Log'!$E$5:$E$64)) | G11: =IF(C11="","",IF(AND(ISNUMBER(F11),F11>0),"OK","No commits yet"))
A12: Member 2 | B12: Vo Nguyen Phuc Thinh | C12: 524H0069 | D12: Systems & UI/UX Design Engineer | E12: 0.4 | F12: =IF(C12="","",SUMIF('Commit Log'!$C$5:$C$64,C12,'Commit Log'!$E$5:$E$64)) | G12: =IF(C12="","",IF(AND(ISNUMBER(F12),F12>0),"OK","No commits yet"))
A13: Member 3 | B13: Nguyen Nhat Huy | C13: 524H0052 | D13: Programmer & Tool Manager | E13: 0.3 | F13: =IF(C13="","",SUMIF('Commit Log'!$C$5:$C$64,C13,'Commit Log'!$E$5:$E$64)) | G13: =IF(C13="","",IF(AND(ISNUMBER(F13),F13>0),"OK","No commits yet"))
A14: Member 4 | F14: =IF(C14="","",SUMIF('Commit Log'!$C$5:$C$64,C14,'Commit Log'!$E$5:$E$64)) | G14: =IF(C14="","",IF(AND(ISNUMBER(F14),F14>0),"OK","No commits yet"))
A15: Member 5 | F15: =IF(C15="","",SUMIF('Commit Log'!$C$5:$C$64,C15,'Commit Log'!$E$5:$E$64)) | G15: =IF(C15="","",IF(AND(ISNUMBER(F15),F15>0),"OK","No commits yet"))
D16: Total contribution | E16: =SUM(E11:E15)
D17: Check | E17: =IF(ROUND(E16,4)=1,"OK","Must total 100%")
A19: Contribution is the share of the whole project each member built, in agreement with the group. The lecturer may adjust it using the Git history, the pull requests and individual questions.

Sheet Requirements
A1: Requirements Specification (Task 2, 15 marks)
A2: Functional, Non-Functional and Domain requirements. Every NFR needs a measurable metric. Focus: reliability and response time.
A4: ID | B4: Requirement | C4: Type | D4: Category (NFR) | E4: Measurable metric / fit criterion (NFR) | F4: Measurement method | G4: Priority | H4: Use case | I4: Source (Q ID) | J4: Lecturer comment
A5: FR1 | B5: The system shall display an interactive station list and route map when the passenger presses "Start". | C5: Functional | D5: - | E5: - | F5: - | G5: High | H5: UC1 | I5: -
A6: FR2 | B6: The system shall allow passengers to select destination stations, ticket quantities, and fare categories. | C6: Functional | D6: - | E6: - | F6: - | G6: High | H6: UC1 | I6: -
A7: FR3 | B7: The system shall support two payment options: Credit/Debit Card and E-Wallet / QR Code. | C7: Functional | D7: - | E7: - | F7: - | G7: High | H7: UC2, UC3 | I7: -
A8: FR4 | B8: The system shall generate and display a dynamic QR code on screen when QR payment is selected. | C8: Functional | D8: - | E8: - | F8: - | G8: High | H8: UC3 | I8: Q01
A9: FR5 | B9: The system shall interface with external Payment Gateway APIs to authorize payment and enforce a 60-second timeout mechanism. | C9: Functional | D9: - | E9: - | F9: - | G9: High | H9: UC2, UC3 | I9: Q01, Q04
A10: FR6 | B10: The system shall command the internal printer to print barcode tickets upon successful payment authorization. | C10: Functional | D10: - | E10: - | F10: - | G10: High | H10: UC4 | I10: Q02
A11: FR7 | B11: The system shall allow passengers to cancel ongoing transactions at any stage prior to payment completion and reset to home. | C11: Functional | D11: - | E11: - | F11: - | G11: Medium | H11: UC5 | I11: Q03
A12: NFR1 | B12: The station selection screen and route list must load rapidly during user interactions. | C12: Non-Functional | D12: Performance | E12: Load time < 1.0s for 95% of interactions | F12: UI benchmark testing over 1,000 actions | G12: High | H12: UC1 | I12: -
A13: NFR2 | B13: Dynamic payment QR codes must be rendered quickly upon user request. | C13: Non-Functional | D13: Response Time | E13: Dynamic QR code rendered in < 2.0s | F13: API gateway latency tracking | G13: High | H13: UC3 | I13: Q01
A14: NFR3 | B14: The TVM application must maintain continuous operational availability. | C14: Non-Functional | D14: Reliability | E14: 99.9% uptime per year (excluding maintenance) | F14: System Event Log automated audits | G14: High | H14: All | I14: Q02, Q04
A15: DR1 | B15: The system shall generate printed ticket barcodes compliant with public transport encoding rules. | C15: Domain | D15: Standard | E15: ISO/IEC 18004 QR Code Standard | F15: Barcode scanner validation | G15: High | H15: UC4 | I15: -
A16: DR2 | B16: The system shall process credit card payments in compliance with payment industry data security guidelines. | C16: Domain | D16: Security | E16: PCI-DSS & EMV Payment Standard | F16: Security compliance audit | G16: High | H16: UC2, UC3 | I16: -
A17: =IF(C17="","",C17&COUNTIF($C$5:C17,C17))
A18: =IF(C18="","",C18&COUNTIF($C$5:C18,C18))
A19: =IF(C19="","",C19&COUNTIF($C$5:C19,C19))
A20: =IF(C20="","",C20&COUNTIF($C$5:C20,C20))
A21: =IF(C21="","",C21&COUNTIF($C$5:C21,C21))
A22: =IF(C22="","",C22&COUNTIF($C$5:C22,C22))
A23: =IF(C23="","",C23&COUNTIF($C$5:C23,C23))
A24: =IF(C24="","",C24&COUNTIF($C$5:C24,C24))
A25: =IF(C25="","",C25&COUNTIF($C$5:C25,C25))
A26: =IF(C26="","",C26&COUNTIF($C$5:C26,C26))
A27: =IF(C27="","",C27&COUNTIF($C$5:C27,C27))
A28: =IF(C28="","",C28&COUNTIF($C$5:C28,C28))
... A54: =IF(C54="","",C54&COUNTIF($C$5:C54,C54))
B56: Functional requirements | C56: =COUNTIF(C5:C54,"FR")
B57: Non-functional requirements | C57: =COUNTIF(C5:C54,"NFR")
B58: Domain requirements | C58: =COUNTIF(C5:C54,"DR")
B59: NFRs without a measurable metric | C59: =COUNTIFS(C5:C54,"NFR",E5:E54,"")
B60: Reliability NFRs (need at least 1) | C60: =COUNTIF(D5:D54,"Reliability")
B61: Response-time NFRs (need at least 1) | C61: =COUNTIF(D5:D54,"Response time")
B62: Critical focus check | C62: =IF(AND(C59=0,C60>=1,C61>=1),"OK","Check NFRs")

Sheet Clarification Q&A
A1: Clarification Q&A (Task 1, 5 marks)
A2: Identify the ambiguities in the problem statement, ask the stakeholders, and give logical assumed answers to base your design on.
A4: Q ID | B4: Area | C4: Ambiguity found in the problem statement | D4: Clarifying question to the stakeholder | E4: Stakeholder asked | F4: Assumed answer (logical) | G4: Rationale and impact on the design | H4: Requirement ID | I4: Status | J4: Lecturer comment
A5: Q01 | B5: Payment & Transaction | C5: The problem statement does not specify the maximum timeout duration or handling procedure when a QR Code payment transaction hangs or loses connection. | D5: How should the system respond if a QR Code payment transaction times out after 60 seconds without a response from the payment gateway? | E5: Product Owner | F5: Automatically cancel the transaction, hide the QR code on screen, and prompt the passenger to retry or choose another payment method. | G5: Prevents passenger accounts from being charged after they walk away. Requires implementing a 60-second countdown timer and a gateway API timeout handler. | H5: FR05, NFR02 | I5: Resolved
A6: Q02 | B6: Hardware Integration | C6: The problem statement omits procedures for handling hardware failures, such as paper jams or running out of ticket paper mid-transaction. | D6: What action should the TVM take if the printer jams or runs out of paper after a successful payment? | E6: System Administrator | F6: Switch the machine status to "Out of Service", trigger an automatic refund via the payment gateway, and send an alert to the maintenance server. | G6: Ensures passengers are not charged without receiving a ticket. Requires paper sensor integration and an automated refund API call. | H6: FR07, NFR01 | I6: Resolved
A7: Q03 | B7: UI & Flow Control | C7: The problem statement does not clarify the conditions or screens where a passenger is allowed to cancel an ongoing transaction. | D7: At which steps during the ticket purchase process can a passenger press "Cancel" to abort the transaction? | E7: UX Designer | F7: The passenger can press "Cancel" on any screen before the payment is deducted or the QR code payment is confirmed. | G7: Enhances user control and usability. Requires a persistent "Cancel" button on all active UI screens and state recovery to home. | H7: FR04 | I7: Resolved
A8: Q04
A9: Q05
A10: Q06
A11: Q07
A12: Q08
A13: Q09
A14: Q10
A15: Q11
A16: Q12
A17: Q13
A18: Q14
A19: Q15
... A29: Q25
C31: Questions written | D31: =COUNTA(D5:D29)
C32: Questions linked to a requirement | D32: =COUNTA(H5:H29)
C33: Areas covered | D33: =SUMPRODUCT((B5:B29<>"")/COUNTIF(B5:B29,B5:B29&""))
A35: Strong Q&A uncovers hidden complexity (timeouts, declined payments, refunds, printer or paper out, offline mode, fares). Aim for several different areas, not many questions on one topic.

Sheet Use Cases
A1: Use Case Register (Task 3)
A2: One row per use case. Each needs a full description and appears in the use case diagram.
A4: ID | B4: Use case | C4: Primary actor | D4: Short description | E4: Requirement IDs | F4: Description written? | G4: In activity / sequence diagram? | H4: Owner (ID) | I4: Lecturer comment
A5: UC01 | B5: Buy a Ticket | C5: Passenger | D5: Select destination, quantity, payment method, and issue ticket. | E5: FR1, FR2, FR3 | F5: Yes | G5: Yes | H5: 524H0057
A6: UC02 | B6: Pay via Credit Card | C6: Passenger | D6: Process contactless/chip credit card payment via Payment Gateway. | E6: FR3, FR5 | F6: Yes | G6: Yes | H6: 524H0057
A7: UC03 | B7: Pay via QR Code | C7: Passenger | D7: Generate dynamic QR code and process e-wallet payment with 60s timeout. | E7: FR3, FR4, FR5 | F7: Yes | G7: Yes | H7: 524H0057
A8: UC04 | B8: Print Ticket | C8: Ticket Printer | D8: Issue physical barcode ticket upon successful payment confirmation. | E8: FR6 | F8: Yes | G8: Yes | H8: 524H0057
A9: UC05 | B9: Cancel Transaction | C9: Passenger | D9: Abort active transaction at any stage and reset TVM to home state. | E9: FR7 | F9: Yes | G9: Yes | H9: 524H0057
A10: UC06
A11: UC07
A12: UC08
A13: UC09
A14: UC10
A15: UC11
A16: UC12

Sheet Artifact Tracker
A1: Artifact Tracker
A2: Track every deliverable. Percent complete is calculated from the status.
A4: Task | B4: Artifact | C4: Marks | D4: Tool | E4: Owner (ID) | F4: File / link | G4: Status | H4: % complete | I4: Lecturer comment
A5: 1 | B5: Clarification Q&A (Excel) | C5: 5 | D5: Excel | E5: 524H0057 | F5: Section 2.1 | G5: Done | H5: =IF(G5="","",IF(G5="Done",1,IF(G5="In review",0.75,IF(G5="Draft",0.4,0))))
A6: 2 | B6: Requirements Specification | C6: 15 | D6: Word | E6: 524H0057 | F6: Section 2.2 | G6: Done | H6: =IF(G6="","",IF(G6="Done",1,IF(G6="In review",0.75,IF(G6="Draft",0.4,0))))
A7: 3 | B7: Use case diagram | C7: 5 | H7: =IF(G7="","",IF(G7="Done",1,IF(G7="In review",0.75,IF(G7="Draft",0.4,0))))
A8: 3 | B8: Use case descriptions | C8: 5 | D8: Word | E8: 524H0057 | F8: Section 3.1.3 | G8: Done | H8: =IF(G8="","",IF(G8="Done",1,IF(G8="In review",0.75,IF(G8="Draft",0.4,0))))
A9: 4 | B9: Activity diagram: buy a ticket | C9: 5 | H9: =IF(G9="","",IF(G9="Done",1,IF(G9="In review",0.75,IF(G9="Draft",0.4,0))))
A10: 4 | B10: Activity diagram: payment gateways | C10: 5 | H10: =IF(G10="","",IF(G10="Done",1,IF(G10="In review",0.75,IF(G10="Draft",0.4,0))))
A11: 5 | B11: Sequence diagram | C11: 5 | H11: =IF(G11="","",IF(G11="Done",1,IF(G11="In review",0.75,IF(G11="Draft",0.4,0))))
A12: 5 | B12: State chart diagram | C12: 5 | H12: =IF(G12="","",IF(G12="Done",1,IF(G12="In review",0.75,IF(G12="Draft",0.4,0))))
A13: 5 | B13: Class diagram | C13: 5 | H13: =IF(G13="","",IF(G13="Done",1,IF(G13="In review",0.75,IF(G13="Draft",0.4,0))))
A14: 6 | B14: UI/UX wireframes or mockups | C14: 5 | H14: =IF(G14="","",IF(G14="Done",1,IF(G14="In review",0.75,IF(G14="Draft",0.4,0))))
A15: 7 | B15: Architecture diagram | C15: 5 | H15: =IF(G15="","",IF(G15="Done",1,IF(G15="In review",0.75,IF(G15="Draft",0.4,0))))
A16: 7 | B16: Deployment diagram | C16: 5 | H16: =IF(G16="","",IF(G16="Done",1,IF(G16="In review",0.75,IF(G16="Draft",0.4,0))))
A17: 8 | B17: VS forward engineering (model to code) | C17: 4 | H17: =IF(G17="","",IF(G17="Done",1,IF(G17="In review",0.75,IF(G17="Draft",0.4,0))))
A18: 8 | B18: VS backward engineering (code to model) | C18: 3 | H18: =IF(G18="","",IF(G18="Done",1,IF(G18="In review",0.75,IF(G18="Draft",0.4,0))))
A19: 8 | B19: VS Code Map | C19: 3 | H19: =IF(G19="","",IF(G19="Done",1,IF(G19="In review",0.75,IF(G19="Draft",0.4,0))))
A20: 9 | B20: GitHub repository with collaboration history | C20: 5 | D20: Git | E20: 524H0057 | F20: [https://github.com/seuquay56/SmartTicketingSystem_TVM](https://github.com/seuquay56/SmartTicketingSystem_TVM) | G20: Done | H20: =IF(G20="","",IF(G20="Done",1,IF(G20="In review",0.75,IF(G20="Draft",0.4,0))))
A21: 9 | B21: Copilot prompt documentation | C21: 5 | D21: Gemini / ChatGPT | E21: 524H0057 | F21: Section 5.2.2 | G21: Done | H21: =IF(G21="","",IF(G21="Done",1,IF(G21="In review",0.75,IF(G21="Draft",0.4,0))))
A22: 10 | B22: Demo: C# and MSSQL input form | C22: 4 | H22: =IF(G22="","",IF(G22="Done",1,IF(G22="In review",0.75,IF(G22="Draft",0.4,0))))
A23: 10 | B23: Demo: output report or success screen | C23: 3 | H23: =IF(G23="","",IF(G23="Done",1,IF(G23="In review",0.75,IF(G23="Draft",0.4,0))))
A24: 10 | B24: Demo: database script and run instructions | C24: 3 | H24: =IF(G24="","",IF(G24="Done",1,IF(G24="In review",0.75,IF(G24="Draft",0.4,0))))
A25: – | B25: Report .docx | C25: 0 | H25: =IF(G25="","",IF(G25="Done",1,IF(G25="In review",0.75,IF(G25="Draft",0.4,0))))
A26: – | B26: readme.txt | C26: 0 | H26: =IF(G26="","",IF(G26="Done",1,IF(G26="In review",0.75,IF(G26="Draft",0.4,0))))
A27: – | B27: % contribution of each member | C27: 0 | H27: =IF(G27="","",IF(G27="Done",1,IF(G27="In review",0.75,IF(G27="Draft",0.4,0))))
B29: Overall progress | C29: =IFERROR(AVERAGE(H5:H27),"")
B30: Artifacts done | C30: =COUNTIF(G5:G27,"Done")&" of 23"
A32: Marks column shows the weight of each task of the assignment (split across its artifacts for tracking only).

Sheet Consistency Check
A1: Model Consistency Check
A2: Diagrams must be syntactically correct, logically sound and aligned with each other.
A4: # | B4: Check | C4: Diagrams involved | D4: Student | E4: Lecturer | F4: Notes
A5: 1 | B5: Every use case in the diagram has a description, and every description is in the diagram | C5: Use case diagram / descriptions
A6: 2 | B6: Every step of the main flow appears in the activity diagram | C6: Descriptions / activity
A7: 3 | B7: Objects and messages in the sequence diagram exist as classes and methods in the class diagram | C7: Sequence / class
A8: 4 | B8: State names and transitions match the events in the sequence diagram | C8: State chart / sequence
A9: 5 | B9: Payment gateway steps match between both activity diagrams and the sequence diagram | C9: Activity / sequence
A10: 6 | B10: Requirement IDs are cited in the use cases | C10: Requirements / use cases | D10: Done
A11: 7 | B11: The class diagram matches the C# code from forward and backward engineering | C11: Class / code
A12: 8 | B12: The UI screens match the steps of the main flow | C12: Wireframes / descriptions
A13: 9 | B13: The architecture and deployment diagrams show the same components | C13: Architecture / deployment
A14: 10 | B14: UML notation is correct (arrows, multiplicities, guards, swim lanes) | C14: All diagrams

Sheet AI Prompt Log
A1: AI Prompt Log (Task 9)
A2: Document each prompt to GitHub Copilot (or a similar tool), how it helped, and how you validated the generated code.
A4: No. | B4: Date | C4: Student ID | D4: Tool | E4: Task / artifact | F4: Prompt used | G4: How the AI helped (boilerplate / logic / explanation) | H4: Output used? | I4: How we validated it (tests, code review, run) | J4: Lecturer comment
A5: 1 | B5: 28/10 | C5: 524H0057 | D5: Gemini | E5: Clarification Q&A | F5: Soạn giúp tôi 3 câu hỏi Clarification Q&A cho hệ thống TVM tập trung vào lỗi thanh toán và kẹt giấy. | G5: Gợi ý các tình huống biên và giải pháp xử lý lỗi phần cứng (kẹt giấy, hết giấy, timeout). | H5: Kept | I5: Đối chiếu với thực tế vận hành máy kiosk tự phục vụ và các kịch bản hoàn tiền tự động.
A6: 2 | B6: 28/10 | C6: 524H0057 | D6: Gemini | E6: Requirements Spec | F6: Chuyển đổi các câu Q&A thành bảng FR1-FR7, NFR1-NFR4 có chỉ số đo lường cụ thể cho NFR. | G6: Tạo mẫu bảng chuẩn IEEE 830 và đặt metric thời gian phản hồi (<1.0s, <2.0s). | H6: Kept | I6: Tạo mẫu bảng chuẩn IEEE 830 và đặt metric thời gian phản hồi (<1.0s, <2.0s).
A7: 3 | B7: 29/10 | C7: 524H0057 | D7: Gemini | E7: Use Case UC01 Spec | F7: Viết đặc tả Use Case UC01 Buy a Ticket gồm Main Flow 10 bước, Alternate Flow và Exception Flow. | G7: Sinh luồng sự kiện chi tiết và phân định rõ hành vi của Passenger, Gateway, Printer. | H7: Kept | I7: Sinh luồng sự kiện chi tiết và phân định rõ hành vi của Passenger, Gateway, Printer.
A8: 4 | B8: 29/10 | C8: 524H0057 | D8: ChatGPT | E8: Git Troubleshooting | F8: Sửa lỗi git rebase lock và dọn dẹp các file rác Office ~$*.docx khỏi repository. | G8: Cung cấp chuỗi lệnh git rebase --abort và git rm -f --cached '~$*'. | H8: Kept | I8: Cung cấp chuỗi lệnh git rebase --abort và git rm -f --cached '~$*'.
A9: 5 | B9: 29/10 | C9: 524H0052 | D9: Copilot | E9: Forward Engineering | F9: Generate C# class structure for TVMController, Station, Ticket, PaymentTransaction matching UML Class Diagram 3.3.3. | G9: Scaffolded OOP class hierarchy, properties, and method stubs in SmartTicketing.Core. | H9: Kept and refined | I9: Compiled in Visual Studio 2022 and checked against Class Diagram 3.3.3.
A10: 6 | B10: 29/10 | C10: 524H0052 | D10: Copilot | E10: Database Schema | F10: Write SQL Server script for SmartTicketingDB with Stations, Tickets, PaymentTransactions and stored procedures. | G10: Generated parameterized DDL and seed data for Riverside Line matching Figma. | H10: Kept | I10: Executed in MSSQL and verified relational constraints.
A11: 7 | B11: 30/10 | C11: 524H0052 | D11: Copilot | E11: Demo WinForms UI | F11: Implement Windows Forms view for TVM Kiosk matching Figma MetroLink UI with 4-step progress bar and station selector. | G11: Generated GDI+ custom paint logic for route map and step circles. | H11: Kept and customized | I11: Visual inspection and tested on high DPI scaling.
A12: 8 | B12: 30/10 | C12: 524H0052 | D12: ChatGPT | E12: Exception Handling | F12: How to implement 60s asynchronous countdown timer and automatic transaction rollback on paper jam. | G12: Provided async/await timer pattern and compensation transaction pattern. | H12: Kept | I12: Ran simulated timeout and paper jam test cases without freezing UI.
A13: 9 | B13: 29/10 | C13: 524H0069 | D13: Claude | E13: Figma UI Design | F13: Design a clean modern public transit vending kiosk UI with MetroLink branding and Riverside Line. | G13: Structured 11 screens from Welcome S01 to Collection S10 and Fault S11. | H13: Kept | I13: Cross-checked with Activity Diagrams and Use Cases.
A14: 10
A15: 11
A16: 12
A17: 13
A18: 14
A19: 15
A20: 16
A21: 17
A22: 18
A23: 19
A24: 20
A25: 21
... A44: 40
E46: Kept | F46: =COUNTIF(H5:H44,"Kept")
E47: Changed | F47: =COUNTIF(H5:H44,"Changed")
E48: Rejected | F48: =COUNTIF(H5:H44,"Rejected")
E49: Used without validation | F49: =COUNTIFS(H5:H44,"<>",I5:I44,"")
A51: Every AI output you keep or change must have a validation. The red counter shows prompts with a decision but no validation.

Sheet Commit Log
A1: Commit and Pull Request Log
A2: Record the evidence of collaboration each week. Use the Student ID exactly as in the Team sheet.
A4: Week | B4: Date | C4: Student ID | D4: Branch | E4: Commits | F4: Pull requests | G4: What was done / link | H4: Lecturer comment
A5: 1 | B5: 28/10 | C5: 524H0057 | D5: main | E5: 3 | F5: 0 | G5: Docs: Initial readme, repo setup, and Q&A outline (commits 3fbcc12, 0da08b7, a53daad)
A6: 2 | B6: 29/10 | C6: 524H0057 | D6: main | E6: 2 | F6: 1 | G6: Docs: Complete Phase 1-3 requirements & UC1 spec (commits 4f39f48, 860ee3e)
A7: 3 | B7: 29/10 | C7: 524H0069 | D7: feature/ui-and-modeling | E7: 2 | F7: 0 | G7: Design: Activity, Sequence, State, and Class Diagrams (commit d4120bb)
A8: 4 | B8: 30/10 | C8: 524H0069 | D8: feature/ui-and-modeling | E8: 2 | F8: 1 | G8: UI/UX: Figma MetroLink screens S01-S11 & Architecture deployment (commit 8f68ace)
A9: 5 | B9: 30/10 | C9: 524H0052 | D9: feature/demo-application-member3 | E9: 3 | F9: 1 | G9: Feat: C# WinForms TVM solution, MSSQL Script.sql, VS Code Map, and test suites

Sheet Progress Log
A1: Weekly Progress Log
A2: Fill in at the end of each lab week. Adjust the planned work to your own schedule.
A4: Checkpoint | B4: Planned for this week | C4: What we actually did | D4: Evidence (commit / PR / screenshot link) | E4: Blockers and help needed | F4: Status (team) | G4: Lecturer feedback | H4: Checkpoint
A5: Week 1 | B5: Read the assignment, form the team, set up GitHub, start Clarification Q&A | C5: Formed team, setup GitHub repository, completed Clarification Q&A (Q01-Q03). | D5: Commit f86f2bc | E5: None. Project setup and GitHub integration went smoothly. | F5: Done
A6: Week 2 | B6: Requirements specification (FR, NFR with metrics, domain) | C6: Completed FR1-FR7, NFR1-NFR4, DR1-DR2, and UC01 detailed specification. | D6: Commit 4f39f48 | E6: Resolved Git rebase conflicts and cleaned temporary Office lock files (~$*) from repository. | F6: Done
A7: Week 3 | B7: Use case model and activity diagrams | C7: Completed Use Case descriptions and 2 Activity Diagrams (ticket flow and payment gateway). | D7: Commit d4120bb | E7: None. | F7: Done
A8: Week 4 | B8: Sequence, state chart, class diagram; wireframes; architecture | C8: Completed Sequence, State Chart, Class Diagram, 11 Figma UI screens, Architecture and Deployment diagrams. | D8: Commit 8f68ace | E8: None. | F8: Done
A9: Week 5 | B9: Forward and backward engineering, Code Map; demo application | C9: Built SmartTicketingSystem_TVM.sln (Core, Data, UI), Database/Script.sql, VS Code Map, verified 5 test scenarios. | D9: Commit & PR feature/demo-application-member3 | E9: None. System compiled with 0 warnings. | F9: Done
A10: Week 6 | B10: Finish demo, report, readme.txt, self-marking | C10: Integrated report docx, updated workbook, finalized readme.txt and git history. | D10: Final release tag v1.0 | E10: None. | F10: Done
A12: Checkpoints met | B12: =COUNTIF(H5:H10,"Met")&" of 6"
A14: Update this sheet at the end of every lab week. A short, honest record earns the process mark; a blank log does not.

Sheet Marking
A1: Marking: Self and Lecturer
A2: Enter marks out of each task's Max. Yellow = student self-mark, green = lecturer mark.
A4: No. | B4: Task | C4: Max (marks) | D4: What to check for full marks | E4: Student self-mark | F4: Lecturer mark | G4: Difference (self − lecturer) | H4: Student justification / evidence | I4: Lecturer comments
A5: 1 | B5: Clarification Q&A (Excel) | C5: 5 | D5: Thorough questions uncovering hidden complexity, each with a logical assumed answer and a requirement link. | E5: 5 | G5: =IF(AND(ISNUMBER(E5),ISNUMBER(F5)),E5-F5,"") | H5: Thorough questions uncovering ambiguities in payment timeouts and paper jams with clear assumed answers.
A6: 2 | B6: Requirements Specification | C6: 15 | D6: Functional, non-functional and domain requirements with IDs. Strict, measurable reliability and response-time limits. | E6: 15 | G6: =IF(AND(ISNUMBER(E6),ISNUMBER(F6)),E6-F6,"") | H6: Full FR1-FR7, NFR1-NFR4 with strict measurable response time (<1.0s, <2.0s) and 99.9% uptime metrics, DR1-DR2.
A7: 3 | B7: Use Case Modeling | C7: 10 | D7: Correct use case diagram and a detailed description for every use case. | E7: 10 | G7: =IF(AND(ISNUMBER(E7),ISNUMBER(F7)),E7-F7,"") | H7: Complete Use Case diagram with detailed 10-step main flow, alternate and exception flows for UC01.
A8: 4 | B8: Activity Diagrams | C8: 10 | D8: Buy-a-ticket flow with failures, and a separate payment gateway integration diagram. | E8: 10 | G8: =IF(AND(ISNUMBER(E8),ISNUMBER(F8)),E8-F8,"") | H8: Detailed buy-ticket activity flow with decisions and separate payment gateway integration diagram.
A9: 5 | B9: Detailed System Modeling: Buy a Ticket | C9: 15 | D9: Sequence, state chart and class diagram: correct, logical and aligned with each other. | E9: 15 | G9: =IF(AND(ISNUMBER(E9),ISNUMBER(F9)),E9-F9,"") | H9: Sequence, State Chart, and Class Diagrams fully aligned and matching C# implementation.
A10: 6 | B10: UI/UX Design | C10: 5 | D10: Modern, intuitive wireframes or mockups for the TVM screens. | E10: 5 | G10: =IF(AND(ISNUMBER(E10),ISNUMBER(F10)),E10-F10,"") | H10: Modern 11-screen MetroLink touchscreen kiosk mockup in Figma with responsive flow.
A11: 7 | B11: Architectural Design | C11: 10 | D11: Logical, modular architecture (MVC or system-in-a-box) suited to the hardware; deployment diagram with API context. | E11: 10 | G11: =IF(AND(ISNUMBER(E11),ISNUMBER(F11)),E11-F11,"") | H11: Modular MVC/3-tier architecture and deployment diagram showing hardware, servers, and TLS APIs.
A12: 8 | B12: Visual Studio Engineering | C12: 10 | D12: Forward engineering, backward engineering and a Code Map, all shown and explained. | E12: 10 | G12: =IF(AND(ISNUMBER(E12),ISNUMBER(F12)),E12-F12,"") | H12: Demonstrated Forward & Backward engineering and generated Visual Studio Code Map component graph.
A13: 9 | B13: GitHub & AI Tooling (Copilot) | C13: 10 | D13: Rich commit history from all members; Copilot prompts documented with validation of the output. | E13: 10 | G13: =IF(AND(ISNUMBER(E13),ISNUMBER(F13)),E13-F13,"") | H13: Multi-branch git history with commits/PRs across all 3 members, detailed AI prompt log, and reflection.
A14: 10 | B14: Demo Application (C# and MSSQL) | C14: 10 | D14: Runs smoothly: input form and output report or success screen for the ticket buying flow. | E14: 10 | G14: =IF(AND(ISNUMBER(E14),ISNUMBER(F14)),E14-F14,"") | H14: Full functional C# WinForms solution (.sln) & MSSQL Script.sql simulating Happy Path and all exception cases smoothly.
B15: Total (/100) | C15: =SUM(C5:C14) | E15: =SUM(E5:E14) | F15: =SUM(F5:F14) | G15: =E15-F15
A17: A red difference means self-mark and lecturer mark differ by more than 20% of the task's Max: discuss it in the feedback session.

Sheet Summary
A1: Group Summary and Results
A2: Results are calculated from the Marking sheet.
A4: Group name | B4: =IF(Team!B4="","",Team!B4)
A5: Weight of this assignment in QT2 | B5: 0.2
A6: Marked by / date
A8: Group results
A9: Measure | B9: Student self-marking | C9: Lecturer | D9: Difference
A10: Total (/100) | B10: =Marking!E15 | C10: =Marking!F15 | D10: =B10-C10
A11: Contribution to QT2 (points) | B11: =B10*$B$5 | C11: =C10*$B$5 | D11: =B11-C11
A12: Bonus point toward the Final Project (lecturer, 0 or 1)
A14: Individual marks
A15: Member | B15: Student ID | C15: % contribution | D15: Lecturer adjustment factor (0.70-1.00, blank = 1) | E15: Individual mark (/100) | F15: Individual QT2 points
A16: =IF(Team!B11="","",Team!B11) | B16: =IF(Team!C11="","",Team!C11) | C16: =IF(Team!C11="","",Team!E11) | E16: =IF($B16="","",ROUND($C$10*IF($D16="",1,$D16),2)) | F16: =IF($B16="","",ROUND(E16*$B$5,2))
A17: =IF(Team!B12="","",Team!B12) | B17: =IF(Team!C12="","",Team!C12) | C17: =IF(Team!C12="","",Team!E12) | E17: =IF($B17="","",ROUND($C$10*IF($D17="",1,$D17),2)) | F17: =IF($B17="","",ROUND(E17*$B$5,2))
A18: =IF(Team!B13="","",Team!B13) | B18: =IF(Team!C13="","",Team!C13) | C18: =IF(Team!C13="","",Team!E13) | E18: =IF($B18="","",ROUND($C$10*IF($D18="",1,$D18),2)) | F18: =IF($B18="","",ROUND(E18*$B$5,2))
A19: =IF(Team!B14="","",Team!B14) | B19: =IF(Team!C14="","",Team!C14) | C19: =IF(Team!C14="","",Team!E14) | E19: =IF($B19="","",ROUND($C$10*IF($D19="",1,$D19),2)) | F19: =IF($B19="","",ROUND(E19*$B$5,2))
A20: =IF(Team!B15="","",Team!B15) | B20: =IF(Team!C15="","",Team!C15) | C20: =IF(Team!C15="","",Team!E15) | E20: =IF($B20="","",ROUND($C$10*IF($D20="",1,$D20),2)) | F20: =IF($B20="","",ROUND(E20*$B$5,2))
A22: The factor is reduced below 1.00 only when the evidence (Git history, pull requests, progress log, individual questions) shows a clearly smaller contribution.
A24: Comments
A25: Student reflection (optional)
A26: Lecturer feedback
